"n","RSpectra","rARPACK"
10,0.0491960048675537,0.0247042179107666
100,0.117749452590942,0.429356813430786
1000,7.83225226402283,14.0978825092316
